33566,bludmoneyy,$FP x Coinbase wen?
19121,Crypto.Doro,$FP x Coinbase wen?
42316,David Marr,$FP x Coinbase wen?
63536,His Dudeness,$FP x Coinbase wen?
40498,jahke,$FP x Coinbase wen?
30494,Lapsus,$FP x Coinbase wen?
60717,OddlyAugmented,$FP x Coinbase wen?
5175,Relicz,$FP x Coinbase wen?
41737,Saltimbanco,$FP x Coinbase wen?
60427,Semente Cripto,$FP x Coinbase wen?
8761,Seth Roller,$FP x Coinbase wen?
19346,Shugs,$FP x Coinbase wen?
14992,taylorr,$FP x Coinbase wen?
25652,tofu167,$FP x Coinbase wen?
64875,17764,FRENEMIES
8070,44huntereth,FRENEMIES
7647,abnormality,FRENEMIES
15491,Bcat,FRENEMIES
7573,brocninbuck,FRENEMIES
41681,Celinho,FRENEMIES
14616,Choyna,FRENEMIES
7826,chuck,FRENEMIES
15510,Cincinnatus,FRENEMIES
7760,cryptomozart,FRENEMIES
31922,Dirt&Soul,FRENEMIES
67481,Ducktaari,FRENEMIES
4835,Eben,FRENEMIES
66402,EINSTEIN,FRENEMIES
18594,Froomy,FRENEMIES
67244,gloGG,FRENEMIES
65967,i420spit710fire,FRENEMIES
26084,jguest,FRENEMIES
41756,KidQuick,FRENEMIES
48523,KoreanAppalachian,FRENEMIES
21735,Lavel,FRENEMIES
13689,Lite_God,FRENEMIES
15161,LuckyShot27,FRENEMIES
61087,marcuswithu,FRENEMIES
20211,maxfromtheblock,FRENEMIES
64470,mikey92557,FRENEMIES
67683,MindOverMana,FRENEMIES
49436,Mr.Nobody,FRENEMIES
25989,Mun1a,FRENEMIES
35268,Nikza,FRENEMIES
7852,noobcoin,FRENEMIES
55958,Rayzo973,FRENEMIES
30135,Sargent.eth,FRENEMIES
19428,selwheezie,FRENEMIES
28653,Sennas,FRENEMIES
62963,SmokinToken,FRENEMIES
64875,Tugz,FRENEMIES
11169,uk3,FRENEMIES
15953,What do you mean?,FRENEMIES
42192,xyz_6969,FRENEMIES
33355,Zaampaarstin,FRENEMIES